name;surname;email;employee_id;phone;point
Rina;Sweeney;urna.Nunc@Integertincidunt.com;161711075760;5306300252;566
Vivien;Hall;faucibus.id@aliquetmetus.edu;161905234439;0-530-488-6681;2829
Clark;Waters;at@loremvitaeodio.net;168206271762;0-532-171-1590;3637
Kalia;Berg;a@vehicula.net;160605173277;0-530-840-8752;4179
Aladdin;Hayden;Maecenas.mi@egetmollis.org;162809279629;0-532-438-7843;3739
Kylynn;Macdonald;hendrerit.consectetuer@utlacusNulla.org;165804230224;0-530-528-7615;2262
Prescott;Castro;leo.elementum@utnullaCras.com;168101093386;0-530-154-4982;4017
Linus;Stein;sit.amet@Donec.net;165112155022;0-530-428-5436;2081
Daphne;Giles;egestas.ligula@necenimNunc.ca;161709208662;0-530-766-2108;533
Donovan;Hodge;Mauris.vestibulum.neque@CurabiturmassaVestibulum.com;168002252180;0-532-890-4203;4354
Malik;Harrington;non@Quisqueornare.edu;161004024541;0(530)2242891;2580
Blair;Hicks;ornare.Fusce@diamatpretium.com;162803048426;0-532-314-6931;91
Scarlet;Pate;orci.quis@sagittisplaceratCras.co.uk;162106086701;0-532-812-3221;291
Hannah;Mcdowell;rutrum@tristiqueneque.org;164207062391;(0-532)479-54-56;3170
Murphy;Kennedy;a.neque.Nullam@Incondimentum.co.uk;168311281888;0-530-943-7949;3155
Felix;Newman;egestas@diam.edu;161101204517;0-532-800-5365;2585
Caesar;Rojas;Praesent.interdum@acorci.co.uk;167207091815;0-532-732-5529;2447
Octavius;Shaffer;ipsum@et.ca;169305110687;0-532-303-7164;2446
Roanna;Kramer;ac.metus@arcuVestibulum.co.uk;164603183205;0-530-569-9006;1862
Nathaniel;Wooten;lacus.vestibulum@vitaerisusDuis.ca;165304233082;0-532-562-5352;80
Karen;Hill;facilisis@urna.edu;164104042413;0-530-963-4135;4629
Marny;Warner;Donec.sollicitudin@blanditcongueIn.co.uk;166910092086;0-530-921-1317;2619
Upton;Lynch;pede.Cum.sociis@nequeSedeget.edu;167705054141;0-530-629-2542;3069
Callie;Bishop;ipsum.Suspendisse@sitametrisus.com;162803048426;0-532-492-8898;2943
Xaviera;Barton;ultrices.Duis@tristique.org;165810181346;0-532-336-6890;985
Hedwig;Benton;Vivamus@imperdiet.co.uk;160601300767;0-532-767-7142;2434
Nolan;Bass;Aliquam@ipsumPhasellusvitae.com;160005274485;0-532-468-2431;292
Armand;Hess;Proin@enim.org;165905090972;0-532-591-7179;215
Leroy;George;sit.amet@Donec.net;169612164278;5329835280;3249
Catherine;Hammond;ut.lacus.Nulla@lorem.org;166204119660;0-532-571-6200;4912
Thane;Stanley;arcu.et@aliquamadipiscing.edu;169102266120;0-532-458-8610;1282
Yetta;Watson;neque.Sed@arcu.ca;166803090411;0-530-954-4240;933
Oprah;Jacobs;odio@Donec.ca;165505294909;0-530-112-4051;4828
Zia;Kirk;et.lacinia.vitae@leo.net;164612196545;0-530-397-2214;2213
Giselle;Harvey;at.pede@orci.edu;169012223401;0-532-468-2431;4467
Hedy;Murray;quis.arcu.vel@acarcu.org;160503214843;0-530-411-2469;4648
Kendall;Dudley;ipsum@et.ca;163612209910;0-530-122-4849;4666
Christopher;Warren;mus@acmetus.co-uk;164603260383;0-532-755-1478;3909
Belle;Knowles;ÅŸut.mi@pede.co-uk;166204119660;0-532-664-1437;25
